Degoix,Kit
Zollie,Filan
Elyssa,Yarranton
Jennifer,Tregust
Devinne,Spofforth
Tammy,Chastan
Storm,McDuff
Latashia,Paolazzi
Kit,Ollett
Lauritz,Degoix
Calli,Hayley
Ailey,Gawthrop
Ferguson,Bissex
Luci,Enticknap
Moises,Lawranson
Rolf,Hunnaball
Gladys,Willoughby
Fonz,Halloran
Rozele,Swanbourne
Adara,Forrestor
Cal,Paskin
Waite,Aps
Coriss,Darmody
Mac,Silversmidt
Alfi,Brill
Reube,Ranaghan
Wald,Sexton
Miran,Schustl
Corie,Crosham
Cyrill,Speer
Beverlee,Derisly
Wallis,Lackey
Eveleen,Costanza
Dannie,Beattie
Martynne,Arnley
Gabbi,Beven
Christyna,Berard
Emlyn,Miskimmon
Lorna,Orrobin
Feliza,Pendlenton
Tanner,Camillo
Tarrance,McGurgan
Thomasina,Palphreyman
Ram,Churms
Holly,Harcase
Nelia,Sivess
Modestine,Kelle
Florida,Coase
Ingunna,Goodbarne
Dyane,Jodlkowski
Brandie,Sandford
Reta,Julian
Rosalind,Richardot
Eldridge,Skarman
Hilario,Baudains
Kylila,Voysey
Bendick,Williment
Cedric,Pepall
Win,Rubega
Janene,Momery
Alina,McDirmid
Gerty,Dunstone
Xylina,Arnaez
Bettina,Rewbottom
Pren,Mossman
Karry,Caswill
Dorey,Trundler
Avis,Siemon
Currey,Anster
Charlena,Futty
Erinn,Pifford
Eilis,Calbreath
Jillana,McGee
Weber,Charette
Velma,Kunat
Myer,Ilem
Jessa,Gaynes
Reinaldo,Hasell
Ellsworth,Bordessa
Belia,Baglan
Riva,Laible
Ludovico,Coleiro
Dorolice,Bedham
Melli,Jeavon
Mabelle,Manske
Vikky,Concannon
Miles,Priden
Sandro,Bungey
Averill,Treeby
Clemens,Westcott
Tate,Carcass
Zebulon,Gonthard
Lenci,Colafate
Derrick,Bourthoumieux
Jacques,Dalgleish
Sarajane,Trundler
Elga,Lorenzo
Lena,Beedle
Kaspar,Skyme
Jared,Rossant
Creight,Stopforth
Atlante,Castelletti
Nessa,Blaxland
Ingaberg,Brookzie
Bobbie,Vakhlov
Danika,Tenaunt
Neely,Quibell
Gordie,Brittles
Sonja,Abramof
Roz,Alford
Rina,Chantillon
Livy,Redish
Lexis,Lucius
Bobinette,Copland
Katinka,Ceci
Den,Stolting
Deane,Cockhill
Bette,Wannell
Hurlee,Birkett
Kathe,Gewer
Elyse,Davidovic
Shea,Wibrow
Tucky,Tomblin
Lizabeth,Shiels
Sherilyn,Cochrane
Brose,Ridger
Algernon,Nowlan
Chane,McCourtie
Lorettalorna,Wakeham
Inessa,Milsap
Ginger,Segge
Bran,Culleford
Rita,Grassi
Latrina,Memory
Catherin,Scarasbrick
Gwenore,Malinson
Antonietta,Ernshaw
Dniren,Jerrems
Klarika,Mangeot
Casie,Kincey
Price,Rosie
Mala,Silcock
Tabb,Hayesman
Brocky,Dilkes
Frazer,Matthew
Dacia,Doveston
Athene,Breit
Lenore,Clace
Izaak,Ganford
Sterne,Aiton
Neal,Gaffer
Sher,Salvidge
Dayna,Buntain
Jacky,Gainfort
May,Sowley
Odie,Dowda
Hilde,Mahady
Jemmy,Greenly
Malchy,Widmore
Ludvig,Yankeev
Sammy,Dumbleton
Vikki,Spread
Chaddie,Cowland
Malanie,Rigmond
Flo,Jozefiak
Nicoli,Tyas
Flori,LeProvost
Effie,Maddick
Orren,Richford
Amory,Pressland
Heidie,Jojic
Joelly,Wingatt
Haslett,Mylechreest
Artus,Pirkis
Randy,Rutherford
Ebony,Kitteman
Mayor,Ivons
Loutitia,Pretsell
Daven,Winterbotham
Melloney,Yeandel
Madelin,Manthroppe
Corbett,Cavaney
Wilmar,Elcocks
Felice,Meier
Mellisent,Espinha
Olenka,Cassely
Dacey,Frensche
Steffen,Gilhoolie
Blinny,Segar
Orelee,Isselee
Bar,Falk
Shalna,Gheorghe
Alika,Fetherston
Talyah,Rowcastle
Alvan,Beccera
Kahaleel,Martignon
Luci,Dawkes
Merrel,Ternott
Oran,Petrovsky
Bebe,Clemmett
Bunnie,Monnelly
Jean,Whiteley
Brien,Pow
Goldina,Scroggs
Lorain,Fawlkes
Simmonds,Dartnell
Brannon,Rollings
Karleen,Guillot
Kathryn,Coppo
Moishe,Telfer
Grace,Dunlop
Brett,Seely
Aristotle,MacNeilley
Farra,Streetfield
Tamara,Bootherstone
Stillman,Selvester
Herta,Vequaud
Evanne,Pettwood
Edwina,Casajuana
Nanci,Kindell
Kalil,VanCassel
Joni,Doidge
Annaliese,Verdie
Donn,Marrison
Tyson,Bere
Ewen,Mannakee
Costa,Parrott
Scott,Swenson
Berti,Cerith
Nert,Chicotti
Stephana,Delhanty
Garold,Postians
Lillis,Arguile
Archie,Ricco
Lucina,Airth
Meaghan,Kuban
Pavla,Noir
Van,Kemm
Beulah,Bartlam
Lavinie,Issard
Kassi,Lander
Olenka,Stuther
Beverie,ODornan
Alanson,Flooks
Paige,Gueny
Tabbie,Sandhill
Bucky,Plumridge
Kendal,Cohalan
Maurice,Castellucci
Finley,Bottelstone
Rhianon,Celes
Art,Charte
Cecilla,Trayte
Hyacinthia,Rabbet
Emelen,Mitchel
Haleigh,Clacey
Lewiss,McCready
Celisse,Aleksashin
Giorgi,Kench
Selene,Lambrecht
Emilee,Thonason
Nicolina,Kydde
Dorris,Tyght
Harley,Crier
Derward,Georgeot
Christy,Parlor
Philippine,Vynall
Ashton,MacArd
Calli,Armand
Lilith,McSorley
Dulcine,Broun
Tiffany,Kennon
Diarmid,Sebrens
Hillyer,Lenoir
Anderson,Braiden
Tarrah,Langtry
Gloriane,Pagel
Casie,Schouthede
Bobbette,Myton
Doy,Pauer
Charlotte,Gueste
Edsel,Radnedge
Pearl,Pitchford
Parrnell,Havard
Ulrika,Blanking
Jonie,Bantick
Ed,Murrhardt
Odelinda,Lehrmann
Collie,MacAlpin
Eldredge,Grisbrook
Stefano,Salterne
Reynolds,Dunkley
Nani,Featherston
Pam,Gallgher
Elyssa,McAvinchey
Marcia,Gladwell
Alyce,Kahn
Humberto,Silverlock
Bidget,Franchi
Amalea,Moore
Blair,Round
Hanson,Pentelo
Edithe,Wellstead
Boony,Twiddell
Kaspar,Mark
Gardy,Shackell
Dotty,Fowls
Aviva,Batiste
Juditha,Gallone
Dunn,Taplin
Lisa,Dalrymple
Liana,Vasilchenko
Gunter,Gajownik
Catha,Spriggen
Lay,Hynam
Clare,Allner
Chiquia,Ecob
Lyn,McMeekin
Daron,Blowne
Zach,Ubach
Ursala,Reichartz
Conrado,Dumphries
Neall,Claussen
Nedda,Tregale
Arabelle,Abba
Leanora,Delafoy
Silvana,Jeffcoate
Riva,Fasler
Adaline,Otham
Jocko,Monk
Walton,Bate
Klemens,Camelli
Bobbi,Vassar
Susette,Ponnsett
Genny,Ambrogiotti
Mason,Carn
Raddie,Neno
Reynard,Humphrey
Laney,Spaducci
Carey,Osman
Waylon,Burcombe
Roana,Bader
Randolph,Beaglehole
Rori,MacBean
Kally,McNelis
Kellina,Cawsby
Laurene,Dovidian
Wang,Gianinotti
Ginnifer,Kienlein
Joelie,Cornillot
Shanta,Raspison
Niccolo,Leftridge
Fleurette,Doughty
Mahala,Prahl
Sigmund,Warbys
Tremain,Bartlam
Emera,Hutsby
Ailina,Tellesson
Rodina,Patton
Whit,Mossom
Eolanda,Purse
Win,Milkins
Bee,Gough
Emmerich,Hutchence
Leonardo,Fetherstone
Dotti,Blankau
Schuyler,Davern
Alix,Verny
Alessandro,Bruty
Alric,Henzer
Sherwood,Artz
Sher,Risen
Zarah,Karp
Mil,OKynsillaghe
Jolyn,Strain
Cori,Paolinelli
Anastassia,Royall
Clemens,Wiz
Adelaide,LeFranc
Nadine,Sandeland
Eldon,Love
Launce,Keogh
Hyacinth,Sheeres
Oswell,Espasa
Joan,Sheekey
Fin,Neiland
Tobey,Hanlin
Trip,Braundt
Putnam,Conneau
Terrijo,Brugden
Lishe,Drage
Jess,Mostin
Forester,Shinton
Ethelda,Deave
Karina,Arend
Gavin,Duffit
Maurene,Romao
Glynn,Skein
Sherwynd,Croston
Letizia,Mills
Alys,Kretschmer
Gilberto,Trimble
Viv,Bank
Myrtie,Caller
Dev,Clynter
Giacomo,Harrop
Candis,Petrenko
Johannes,Shildrake
Gare,Browning
Shanon,Brunsden
Corty,Bugby
Emili,Silman
Othilie,Forsyde
Ulrika,Borgars
Denver,Crotty
Craggie,Bowman
Cyb,Mathelin
Giacobo,Rodenburg
Clare,Littlejohns
Chloette,Winstanley
Ivor,Ledger
Locke,Labitt
Saraann,Killough
Leoine,Royce
Thorsten,Patria
Arny,Chazelle
Ania,Rake
Arda,Stoacley
Emmalynn,Voden
Jacinta,Taffurelli
Velvet,Rosenshine
Bond,Gauvain
Shandee,Raffels
Cale,Mottinelli
Bertine,Sword
Charin,Winterbotham
Keefe,Sommers
Olympe,Baise
Colline,Floris
Elizabet,Proschke
Gerard,Kelso
Kort,Darington
Emory,Welch
Wilek,Smewing
Abigale,Francesc
Rosalind,Such
Aeriel,Poznanski
Boris,Ure
Bonnie,Goldbourn
Stacie,Tollit
Price,Pentecost
Inez,Leipelt
Madelle,McGaugie
Uri,Hannan
Jennilee,Benjamin
Dennis,Squirrel
Dilly,Headland
Tessa,Pimerick
Noellyn,Linthead
Corabel,Firpo
Alvan,McOwen
Osmond,Mandal
Thomasine,Millward
Barthel,Brose
Johann,Shimwell
Alister,Kalberer
Zitella,Chasemoore
Kora,Klarzynski
Tamma,Jolley
Stefania,Haxell
Aline,Feldheim
Dorena,Melwall
Wayland,Dorbin
Audy,Vankov
Karlens,Brito
Alistair,Woolfitt
Niall,Kynnd
Hobard,Kinloch
Henrik,Ithell
Skye,Claire
Roldan,Swett
Ericka,Stave
Winston,Rigmond
Olga,Brookz
Saree,Scardafield
Tobi,Hovee
Gonzales,Newvill
Britni,Sellers
Kaitlyn,Davisson
Chad,Howsam
Lisa,Fenech
Keelia,Hastwell
Lucina,Taynton
Ernestine,Ilchenko
Torr,Wrixon
Slade,Haxell
Vivyan,Drysdale
Frasco,Clawe
Kalvin,Tester
Jerrie,Wattam
Muhammad,Humbatch
Madelena,Boulton
Gusti,Leask
Guy,Fulun
Wallie,Tripett
Rolando,Hafford
Daile,Croxon
Ardelia,Hoston
Skell,Jaffray
Erena,Shillitto
Gaelan,Beange
Colby,Critcher
Sybyl,Audry
Bond,Fraschetti
Torey,Sidden
Ranice,Lorriman
Gordon,Lunny
Kenyon,Pavy
Arly,Simounet
Ram,Wooster
Myer,Hamlin
Lethia,Arro
Calhoun,DAgostino
Ailey,Bartelli
Biddie,Yorston
Erinna,Jirick
Erich,Averies
Amery,Gowanson
Silvanus,Tantrum
Ginger,Wren
Debera,Claybourn
Kile,Giacomini
Ryley,Yarnold
Howie,MacFadden
Randolf,King
Moria,Patley
Ronica,Zmitruk
Kacey,Gourley
Ramonda,Huyton
Win,Shadbolt
Agatha,Huske
Ximenes,Vest
Giselle,Loveman
Leone,Collumbell
Brittany,Swendell
Erl,Brockway
Baily,Rutherforth
Anny,Pescott
Brennan,Calfe
Jillene,Quartly
Orton,Pavlata
Kort,Chell
Von,Haylock
Mab,Matthias
Franny,Cordeau
Eldridge,Treagus
Tripp,Budgey
Vinny,Caudell
Giselbert,Wenban
Gaspar,Veldman
Benedick,Stenner
Dedra,Chastand
Dalila,Coot
Eldon,Juppe
Misty,Leebetter
Broddie,Wagge
Hadleigh,Kissack
Opal,McGilroy
Rhianna,Ipwell
Avram,Pinchin
Teador,Beilby
Grannie,Murgatroyd
Roldan,Dillon
Eadmund,Ayre
Lenka,Burndred
Chery,Hartin
Cindra,Grocutt
Mellicent,Favell
Terrance,Wisden
Felix,Ducaen
Bunny,Spawell
Aron,Lazenby
Gerardo,Rosso
Marlane,Allden
Reggie,DeryeBarrett
Gayler,Blaker
Deane,Barnewell
Lorens,Elcott
Ameline,Heckner
Woody,Leyninye
Martainn,Mingus
Jaimie,Aicheson
Peta,Fullilove
Karel,Eastbury
Timothy,Goldspink
Annis,Sneden
Isac,Baudains
Elayne,Zanetello
Emmit,Scola
Edmund,Droogan
Winona,ONion
Shandee,McMackin
Olenolin,Leverson
Viviene,Adhams
Odette,Whitely
Jena,Gounod
Avie,Mangon
Benedicta,Cubbon
Juana,Edwick
Averill,Turner
Tamas,Downe
Sandy,Roderick
Sashenka,Gateland
Herschel,Dunridge
Harcourt,Riepl
Kin,Kingzet
Dewie,Olerenshaw
Cory,Bracken
Mel,Bridat
Veda,Yurshev
Reynolds,Geekin
Bryn,Lamswood
Marthena,Hickeringill
Basil,Sunley
Marven,Marien
Goldia,Maty
Ashil,Ellings
Rosalynd,Simionescu
Mirelle,Sinnat
Chariot,Gerholz
Merrill,MacAllester
Chelsie,Espinheira
Ainslie,Wilmott
Pris,Russell
Kermie,Churchlow
Dukey,Forstall
Guglielma,Ripon
Sunshine,Gullefant
Alfy,Coil
Brad,Robic
Deanna,Arderne
Augy,Ortiga
Tad,Volk
Hashim,Jickells
Faydra,Powdrell
Neall,Wissby
Rolando,Faldo
Janie,Battson
Federico,Truswell
Haley,Seger
Erma,Late
Page,Jeffress
Andrey,Laudham
Annamarie,Stoner
Susannah,Alty
Dougie,Haydney
Viv,Regnard
Mollie,Fountain
Rickey,Gobell
Nerte,Gilder
Liana,Clunie
Gabriell,Demeza
Mechelle,Kermath
Florinda,Luffman
Eadith,Hartzogs
Sibella,Andell
Kiersten,Kitcat
Gregg,Goodread
Martguerita,Doolan
Leonidas,Lazare
Jozef,Bedson
Pierre,Rivenzon
Annamaria,Neno
Joe,Alessandone
Hollyanne,Skeldinge
Mason,Kolak
Richie,Luetchford
Charil,Crambie
Amelita,Adamthwaite
Emmeline,Daniaud
Freemon,Wallworke
Lanny,OosthoutdeVree
Cory,Burdekin
Jenny,Mycroft
Valentin,Smaile
Ami,Toohey
Ulrick,Roll
Lodovico,Seson
Genna,Trustie
Rosabel,Estick
Antonella,Tindall
Graham,Chaplain
Daisy,Astin
Rycca,Maxwaile
Brock,Springall
Gerome,Tarr
Farica,Abramcik
Chloe,Evens
Holly,Presley
Susy,Taile
Auberta,Hartopp
Lorry,Fearnley
Augusto,Scogin
Eimile,McLeish
Moyna,Phebey
Broderic,Andrelli
Janelle,Callen
Urbanus,Urpeth
Rayna,Crowcher
Sonia,Chinnock
Ivory,Goldin
Coop,Kemery
Nelle,Creane
Osmund,Dunphie
Tamra,Aberchirder
Enos,Stowell
Shalom,Drewery
Wakefield,Krout
Gianni,Keeping
Harvey,Gribbin
Dominik,Sevier
Linea,Lawton
Herman,Hawley
Rab,Standen
Gabriello,Greaser
Alard,Vader
Alla,Greenslade
Essa,Morit
Pascale,Gunning
Ravid,Winger
Noami,Stallard
Val,Schrader
Gaspar,Redman
Odille,Ivanenkov
Demetria,Ingerith
Tynan,Seneschal
Adrian,Briers
Leanora,Schoffel
Peyter,Craghead
Barbette,Gay
Robin,Ilieve
Nannette,Elijah
Kiri,Lammerding
Gabby,Prinett
Romain,Yacob
Dolorita,Gascoigne
Myrta,KnollesGreen
Debi,Campo
Nissa,Tockell
Morry,Aksell
Sherwin,Keningley
Lynette,Saer
Camile,Pietrasik
Hermie,Lodford
Shelley,Crippill
Abie,Hubbucks
Ellyn,Quiddington
Anitra,Willman
Pat,Birkwood
Ferrell,Capron
Koressa,Burree
Immanuel,Gelland
Jenica,Abram
Lelah,Leverington
Ertha,Lynthal
Dniren,Hairsnape
Jarret,Jakov
Demetra,Conelly
Emlynne,Lehr
Charley,Draysay
Merwyn,Whaites
Tonya,McFaul
Josey,Lindstedt
Kimbell,Haughan
Geno,Micka
Pia,Rewan
Suzi,Dungate
Ernaline,Carff
Jedidiah,Dasent
Durante,Semiraz
Hugo,Bettinson
Phil,Corpes
Walt,VanderBrugge
Sybila,Attryde
Henri,Armitage
Mela,Dickinson
Irvine,Salvage
Wylie,Hayden
Bron,Eitter
Mata,Scrinage
Nanette,Lafferty
Jonis,Griffen
Renato,Lowey
Padgett,Firth
Hube,Stetson
Bo,MacNally
Doris,Grills
Doro,Cowoppe
Seth,Rudolfer
Gillian,Cino
Andros,Heare
Flossi,Boddie
Cyril,Giovannazzi
Clarence,Acory
Claiborne,Parbrook
Clementina,Dendle
Jere,Coat
Theadora,Mosedall
Hendrick,Arnaud
Nickola,Sazio
Ashbey,Burchatt
Les,Gipp
Michaela,Chainey
Lauren,Doodney
Constancia,Woltering
Darn,LeGalle
Corrie,Butterley
Cristi,Lammers
Reid,Marchelli
Sonny,Meugens
Elli,Southward
Kit,Hows
Justine,Vigar
Rycca,Broomer
Bondie,Aylin
Ryun,Fevier
Ado,Burkett
Wesley,Reyne
Arie,Richford
Hammad,Alliker
Hermia,Filby
Elfrieda,Empringham
Aviva,Botterell
Madelon,Vitall
Lilla,Gaitone
Cloris,Chewter
Callie,Eicheler
Renato,Lambrook
Rubia,Lacheze
Livvie,Geake
Sari,Gremane
Benn,Starcks
Reeva,Brumwell
Gill,Drewell
Jelene,Casillas
Lorry,Elderton
Gradey,Dominichetti
Charla,Kachel
Olin,Rillstone
Dianne,Shrieve
Nikos,Lundy
Vonni,Twinbourne
Anallise,Gulliman
Isiahi,Colaco
Rudy,Wix
Chantalle,Prin
Diena,Dockray
Filmer,Dodd
Hadley,Hyde
Gae,Birdseye
Kriste,Aldcorn
Barnabe,Janway
Zack,McFater
Corrina,Gabbidon
Guenevere,Plett
Ashlee,Lummus
Easter,Ragot
Shaine,Instrell
Siffre,Phelipeaux
Fabiano,Junkin
Giuditta,Mulvey
Catlee,Bowden
Joelle,Rayner
Elysha,Dransfield
Virgina,Cota
Angy,OGorman
Bellanca,Liddell
Josefina,Stigger
Amabelle,Pawelski
Melli,Whellans
Murray,Risso
Desdemona,Rubica
Jessee,Eatock
Elizabet,McPhelimey
Paulina,VanderHoeven
Shelbi,Huett
Justen,Puttick
Cozmo,Chesson
Allison,Byles
Kathlin,Corselles
Rhona,Kohrsen
Hewet,Kettles
Federico,Attenbrough
Opalina,Tregensoe
Carola,Dawe
Jillana,Lune
Fidela,Dumbell
Cory,Codeman
Durante,Forsdyke
Amata,Runsey
Delmor,Arnault
Flory,Esparza
Evan,Mcwhinnie
Felita,Darrigoe
Caldwell,Bather
Jacinthe,Harries
Mattie,Dible
Eustacia,Yonnie
Marris,Manston
Erma,Balderson
Lonna,Pratten
Freddy,Seville
Anastasia,Jaskiewicz
Noby,Lys
Ephraim,Drohane
Pietrek,Worg
Trix,Muffin
Nixie,Dinnis
Elizabet,Dinsey
Ursuline,Litton
Amerigo,Denkin
Fay,Calcut
Missy,Neames
Dacey,Worsnip
Augustina,Riquet
Parry,Celes
Andrea,Simon
Gasparo,Bowller
Bethany,McIver
Basilio,Reaveley
Ryun,Hadlee
Lynne,Donovin
Malvin,Henrie
Stormi,Tortis
Olivie,Marchetti
Shena,Linebarger
Dell,Riccardo
Yorgos,Thurgood
Meris,Endle
Opal,Jacquemet
Leontyne,Dwire
Brnaba,Camsey
Georgeanne,Hatcliffe
Zoe,Louedey
Brennen,Chansonne
Gusta,Threader
Theresa,McNeachtain
Bealle,Sellor
Susanetta,Harrema
Quent,Arkil
Reginald,Ivakin
Neysa,Forder
Edin,Jefford
Goldina,Christoffersen
Stu,Daybell
Gauthier,Geare
Jacquetta,Byer
Harp,Trimming
Davon,Houlston
Celene,Demelt
Katheryn,Trendle
Oberon,Salvadori
Trude,Perrott
Aldous,Sine
Renard,Easby
Barb,Rickword
Bond,Heeran
Maris,Falla
Cairistiona,Boydle
Vince,McGloin
Agata,Hastwall
Humberto,McAllaster
Alister,Duggary
Trueman,Farnon
Tully,Tincey
Arney,Pavitt
Reamonn,Bundey
Rozele,Scimoni
Zsazsa,Dubery
Gwenore,Wabersinke
Joann,Grayshon
Jesse,Goodding
Price,Stanway
Samaria,Bondesen
Isidor,Brooksbie
Kayle,Merrell
Rob,Vivyan
Wendi,Czaja
Ki,Burnes
Zaccaria,Gryglewski
Theresina,Dohmer
Mack,Durston
Catherina,Coaster
Colin,Perle
Yehudi,Oldford
Shaw,Owenson
Aguste,Lamming
Denis,Beining
Markos,Bachshell
Thia,Durden
Karlie,Chislsett
